                  epoch,         train/box_loss,         train/cls_loss,         train/dfl_loss,   metrics/precision(B),      metrics/recall(B),       metrics/mAP50(B),    metrics/mAP50-95(B),           val/box_loss,           val/cls_loss,           val/dfl_loss,                 lr/pg0,                 lr/pg1,                 lr/pg2
                      1,                 1.4626,                 2.1819,                  1.102,                0.99498,                      1,                  0.995,                0.70755,                 1.0353,                 1.0463,                0.93115,              0.0033121,              0.0033121,              0.0033121
                      2,                 1.1183,                 0.9972,                 0.9408,                0.99646,                      1,                  0.995,                0.72222,                 1.0306,                0.71876,                0.97243,              0.0066389,              0.0066389,              0.0066389
                      3,                 1.1188,                0.89884,                0.94978,                0.99741,                      1,                  0.995,                 0.7274,                0.99861,                0.68519,                0.98473,               0.009959,               0.009959,               0.009959
                      4,                 1.0925,                0.75226,                0.94828,                0.99915,                      1,                  0.995,                0.71394,                 1.0472,                0.70077,                 1.0018,              0.0099703,              0.0099703,              0.0099703
                      5,                 1.0434,                0.62369,                0.94027,                0.99929,                      1,                  0.995,                0.70819,                 1.0402,                0.51116,                0.98202,              0.0099604,              0.0099604,              0.0099604
                      6,                0.99602,                0.56529,                0.93515,                0.99937,                      1,                  0.995,                0.74308,                 0.9547,                0.53042,                0.97905,              0.0099505,              0.0099505,              0.0099505
                      7,                 0.9808,                0.52485,                0.93008,                0.99848,                      1,                  0.995,                0.73515,                0.97146,                0.43085,                0.97823,              0.0099406,              0.0099406,              0.0099406
                      8,                0.97104,                0.49243,                0.93242,                0.99848,                      1,                  0.995,                0.74328,                0.96143,                0.40041,                0.97863,              0.0099307,              0.0099307,              0.0099307
                      9,                0.95871,                0.48407,                0.93555,                0.99889,                      1,                  0.995,                0.73874,                 0.9644,                0.41328,                0.97383,              0.0099208,              0.0099208,              0.0099208
                     10,                0.95155,                0.46608,                0.93147,                0.99891,                      1,                  0.995,                 0.7382,                0.98111,                0.40604,                0.97988,              0.0099109,              0.0099109,              0.0099109
                     11,                0.93953,                0.46053,                0.93171,                0.99926,                      1,                  0.995,                0.76005,                0.97493,                0.39705,                0.96508,               0.009901,               0.009901,               0.009901
                     12,                 0.9425,                0.45225,                0.93081,                0.99925,                      1,                  0.995,                 0.7609,                0.94241,                0.37616,                0.95516,              0.0098911,              0.0098911,              0.0098911
                     13,                0.93076,                0.44611,                0.92745,                0.99871,                      1,                  0.995,                 0.7738,                0.91836,                0.39851,                0.96537,              0.0098812,              0.0098812,              0.0098812
                     14,                0.93017,                0.44448,                0.92472,                0.99893,                      1,                  0.995,                 0.7616,                 0.9335,                0.36254,                0.95853,              0.0098713,              0.0098713,              0.0098713
                     15,                0.91699,                0.43041,                0.92214,                 0.9993,                      1,                  0.995,                0.76583,                0.90349,                0.35448,                0.95315,              0.0098614,              0.0098614,              0.0098614
                     16,                 0.9121,                0.42529,                0.92044,                0.99909,                      1,                  0.995,                0.75705,                0.91613,                0.35925,                0.96188,              0.0098515,              0.0098515,              0.0098515
                     17,                0.91147,                0.42593,                0.92357,                0.99935,                      1,                  0.995,                0.75497,                0.96219,                0.36986,                0.97419,              0.0098416,              0.0098416,              0.0098416
                     18,                0.90294,                0.42181,                0.91336,                0.99879,                      1,                  0.995,                0.76774,                0.90533,                0.35118,                0.95186,              0.0098317,              0.0098317,              0.0098317
                     19,                0.90826,                0.41604,                0.91988,                0.99892,                      1,                  0.995,                0.77105,                0.90767,                0.36308,                0.95726,              0.0098218,              0.0098218,              0.0098218
                     20,                0.90446,                0.41759,                0.91549,                 0.9991,                      1,                  0.995,                0.76936,                 0.9253,                0.36344,                0.97057,              0.0098119,              0.0098119,              0.0098119
                     21,                0.90081,                0.40989,                 0.9166,                0.99849,                      1,                  0.995,                0.76551,                0.94626,                0.35995,                0.96953,               0.009802,               0.009802,               0.009802
                     22,                0.89167,                0.40706,                0.91369,                0.99935,                      1,                  0.995,                0.76606,                0.92268,                0.35521,                0.96788,              0.0097921,              0.0097921,              0.0097921
                     23,                0.88485,                 0.3992,                0.91758,                0.99924,                      1,                  0.995,                0.76857,                0.94922,                0.34618,                0.97319,              0.0097822,              0.0097822,              0.0097822
                     24,                 0.8801,                0.39797,                0.91085,                0.99924,                      1,                  0.995,                0.77414,                0.95415,                0.34764,                0.96821,              0.0097723,              0.0097723,              0.0097723
                     25,                0.88077,                0.39582,                0.91118,                0.99925,                      1,                  0.995,                0.76489,                0.91399,                0.33075,                0.96299,              0.0097624,              0.0097624,              0.0097624
                     26,                 0.8903,                0.40098,                0.91308,                0.99924,                      1,                  0.995,                0.78366,                0.89572,                0.34717,                0.95301,              0.0097525,              0.0097525,              0.0097525
                     27,                0.87011,                0.39674,                0.91041,                0.99925,                      1,                  0.995,                 0.7646,                0.91367,                0.34505,                0.95157,              0.0097426,              0.0097426,              0.0097426
                     28,                0.88141,                0.39761,                0.90962,                0.99935,                      1,                  0.995,                  0.769,                0.89945,                0.34763,                0.95939,              0.0097327,              0.0097327,              0.0097327
                     29,                0.87716,                0.38965,                0.91262,                0.99923,                      1,                  0.995,                0.78271,                0.89934,                0.33323,                0.95301,              0.0097228,              0.0097228,              0.0097228
                     30,                0.87293,                0.38843,                0.90848,                0.99923,                      1,                  0.995,                0.78738,                0.90687,                0.32614,                0.96121,              0.0097129,              0.0097129,              0.0097129
                     31,                0.87168,                0.39343,                0.90991,                0.99929,                      1,                  0.995,                 0.7795,                0.91305,                0.33894,                0.95764,               0.009703,               0.009703,               0.009703
                     32,                0.87619,                0.38599,                0.91036,                0.99917,                      1,                  0.995,                0.77032,                 0.8986,                0.32916,                0.96793,              0.0096931,              0.0096931,              0.0096931
                     33,                0.86294,                0.38918,                0.90608,                0.99932,                      1,                  0.995,                0.79202,                0.88171,                0.33712,                0.94613,              0.0096832,              0.0096832,              0.0096832
                     34,                0.86984,                 0.3843,                0.90935,                0.99893,                      1,                  0.995,                0.75796,                0.90311,                0.34056,                 0.9574,              0.0096733,              0.0096733,              0.0096733
                     35,                0.86042,                0.38661,                0.90618,                0.99919,                      1,                  0.995,                0.78252,                0.87391,                0.32347,                0.94729,              0.0096634,              0.0096634,              0.0096634
                     36,                 0.8645,                0.38139,                0.90691,                0.99889,                      1,                  0.995,                0.78081,                0.88308,                0.32132,                0.95085,              0.0096535,              0.0096535,              0.0096535
                     37,                0.85552,                  0.378,                0.91036,                0.99928,                      1,                  0.995,                0.75556,                  0.926,                0.33476,                0.97381,              0.0096436,              0.0096436,              0.0096436
                     38,                0.85332,                0.38026,                0.90582,                0.99936,                      1,                  0.995,                0.77307,                0.91645,                0.33302,                 0.9664,              0.0096337,              0.0096337,              0.0096337
                     39,                0.85308,                0.37841,                0.90772,                0.99908,                      1,                  0.995,                0.77862,                 0.8698,                0.31687,                0.94635,              0.0096238,              0.0096238,              0.0096238
                     40,                0.84997,                0.37418,                0.90787,                0.99928,                      1,                  0.995,                0.77721,                0.90434,                0.33217,                0.95723,              0.0096139,              0.0096139,              0.0096139
                     41,                0.85704,                0.37363,                0.90929,                0.99934,                      1,                  0.995,                0.78744,                0.88916,                0.33247,                0.95564,               0.009604,               0.009604,               0.009604
                     42,                 0.8438,                0.36888,                0.90357,                0.99927,                      1,                  0.995,                0.77681,                0.89795,                0.32314,                 0.9563,              0.0095941,              0.0095941,              0.0095941
                     43,                0.84641,                0.36842,                0.90518,                0.99937,                      1,                  0.995,                 0.7799,                0.90853,                0.33511,                0.95729,              0.0095842,              0.0095842,              0.0095842
                     44,                0.86524,                0.37243,                0.91097,                0.99914,                      1,                  0.995,                0.77169,                0.88828,                0.32006,                 0.9459,              0.0095743,              0.0095743,              0.0095743
                     45,                0.84641,                 0.3767,                  0.905,                0.99917,                      1,                  0.995,                 0.7798,                0.88441,                0.32098,                0.94847,              0.0095644,              0.0095644,              0.0095644
                     46,                0.84521,                0.37352,                0.90248,                0.99934,                      1,                  0.995,                0.76724,                0.92002,                0.33296,                0.96328,              0.0095545,              0.0095545,              0.0095545
                     47,                0.84611,                0.37092,                0.90495,                0.99935,                      1,                  0.995,                0.77054,                0.93256,                0.31749,                0.97536,              0.0095446,              0.0095446,              0.0095446
                     48,                0.83787,                0.36366,                0.90577,                0.99928,                      1,                  0.995,                0.77892,                0.90071,                0.31935,                0.96063,              0.0095347,              0.0095347,              0.0095347
                     49,                0.84433,                0.37075,                0.90597,                0.99939,                      1,                  0.995,                0.78669,                0.90856,                0.31137,                0.96062,              0.0095248,              0.0095248,              0.0095248
                     50,                0.84435,                0.37146,                0.90448,                0.99923,                      1,                  0.995,                 0.7815,                0.89827,                0.32198,                0.95969,              0.0095149,              0.0095149,              0.0095149
                     51,                0.83019,                0.36381,                 0.9012,                0.99937,                      1,                  0.995,                0.77604,                0.88315,                0.30926,                0.95245,               0.009505,               0.009505,               0.009505
                     52,                 0.8445,                0.36762,                0.90747,                0.99936,                      1,                  0.995,                0.77969,                0.92472,                0.32076,                0.97371,              0.0094951,              0.0094951,              0.0094951
                     53,                0.84041,                0.36737,                0.90235,                0.99929,                      1,                  0.995,                0.78504,                0.87478,                0.32305,                0.94401,              0.0094852,              0.0094852,              0.0094852
                     54,                0.83365,                0.36603,                0.89951,                0.99924,                      1,                  0.995,                0.78844,                0.88337,                0.30557,                 0.9544,              0.0094753,              0.0094753,              0.0094753
                     55,                0.83997,                 0.3639,                0.90019,                0.99924,                      1,                  0.995,                 0.7897,                0.88603,                0.31112,                 0.9521,              0.0094654,              0.0094654,              0.0094654
                     56,                0.83977,                0.36089,                0.90757,                0.99924,                      1,                  0.995,                  0.796,                0.87283,                0.31422,                0.94241,              0.0094555,              0.0094555,              0.0094555
                     57,                0.82846,                0.35566,                0.90594,                0.99399,                0.99828,                  0.995,                0.77716,                0.89802,                0.33503,                0.96477,              0.0094456,              0.0094456,              0.0094456
                     58,                 0.8206,                 0.3548,                0.90332,                0.99936,                      1,                  0.995,                0.78129,                0.88425,                0.30853,                 0.9476,              0.0094357,              0.0094357,              0.0094357
                     59,                0.83272,                0.35911,                 0.8999,                 0.9993,                      1,                  0.995,                0.80381,                0.87444,                 0.3104,                 0.9504,              0.0094258,              0.0094258,              0.0094258
                     60,                0.83931,                0.36343,                0.90273,                0.99874,                      1,                  0.995,                0.78518,                0.89013,                0.31185,                0.95609,              0.0094159,              0.0094159,              0.0094159
                     61,                0.81951,                0.35498,                0.89729,                0.99933,                      1,                  0.995,                0.79488,                0.86369,                0.31228,                0.94569,               0.009406,               0.009406,               0.009406
                     62,                0.83083,                0.35722,                0.89628,                0.99935,                      1,                  0.995,                0.78517,                0.88459,                 0.3072,                 0.9416,              0.0093961,              0.0093961,              0.0093961
                     63,                0.82342,                0.35469,                0.90397,                0.99938,                      1,                  0.995,                0.79835,                 0.8668,                0.30274,                0.94081,              0.0093862,              0.0093862,              0.0093862
                     64,                0.83023,                0.35854,                0.90142,                0.99921,                      1,                  0.995,                0.79746,                0.86042,                0.30522,                0.94339,              0.0093763,              0.0093763,              0.0093763
                     65,                0.82155,                0.35458,                0.89958,                 0.9989,                      1,                  0.995,                0.79327,                0.86931,                0.30137,                 0.9414,              0.0093664,              0.0093664,              0.0093664
                     66,                0.81432,                0.35095,                0.89934,                0.99924,                      1,                  0.995,                0.79616,                0.85236,                0.30768,                 0.9417,              0.0093565,              0.0093565,              0.0093565
                     67,                0.82396,                0.35458,                0.90014,                0.99916,                      1,                  0.995,                0.78878,                0.86479,                0.30197,                0.94564,              0.0093466,              0.0093466,              0.0093466
                     68,                0.82038,                0.35413,                0.89944,                0.99939,                      1,                  0.995,                0.79181,                 0.9007,                0.31357,                0.95045,              0.0093367,              0.0093367,              0.0093367
                     69,                0.81301,                0.35213,                0.89597,                0.99917,                      1,                  0.995,                0.79582,                 0.8749,                0.30571,                0.94469,              0.0093268,              0.0093268,              0.0093268
                     70,                 0.8141,                0.35219,                0.89671,                0.99906,                      1,                  0.995,                0.79867,                0.87976,                0.30987,                0.95876,              0.0093169,              0.0093169,              0.0093169
                     71,                0.81985,                0.35449,                0.89785,                0.99921,                      1,                  0.995,                0.80249,                0.88401,                0.30933,                0.95082,               0.009307,               0.009307,               0.009307
                     72,                0.81295,                0.35374,                0.89557,                0.99911,                      1,                  0.995,                 0.7859,                0.88304,                0.31976,                0.95665,              0.0092971,              0.0092971,              0.0092971
                     73,                0.80457,                0.34713,                0.89412,                0.99933,                      1,                  0.995,                0.79408,                0.85111,                0.30008,                0.93445,              0.0092872,              0.0092872,              0.0092872
                     74,                0.81556,                0.35146,                0.89773,                0.99924,                      1,                  0.995,                0.80006,                0.87387,                0.30523,                0.94888,              0.0092773,              0.0092773,              0.0092773
                     75,                0.81169,                0.34944,                0.89776,                0.99927,                      1,                  0.995,                0.78843,                0.86287,                0.30629,                0.94375,              0.0092674,              0.0092674,              0.0092674
                     76,                 0.8195,                0.35243,                0.90311,                0.99916,                      1,                  0.995,                 0.7961,                  0.874,                0.30164,                0.95014,              0.0092575,              0.0092575,              0.0092575
                     77,                 0.8128,                0.35098,                 0.8959,                0.99939,                      1,                  0.995,                 0.8092,                 0.8459,                0.30452,                0.93989,              0.0092476,              0.0092476,              0.0092476
                     78,                0.80186,                0.34737,                0.89428,                0.99929,                      1,                  0.995,                0.80209,                0.84978,                0.29544,                0.93671,              0.0092377,              0.0092377,              0.0092377
                     79,                0.81104,                0.34751,                 0.8959,                0.99899,                      1,                  0.995,                0.80079,                0.85066,                0.29547,                0.94569,              0.0092278,              0.0092278,              0.0092278
                     80,                0.80675,                0.34634,                0.89862,                0.99939,                      1,                  0.995,                0.79408,                 0.8517,                0.29697,                0.93762,              0.0092179,              0.0092179,              0.0092179
                     81,                 0.7972,                0.34596,                0.89602,                0.99935,                      1,                  0.995,                0.79355,                0.86635,                0.30476,                0.94442,               0.009208,               0.009208,               0.009208
                     82,                0.80192,                0.34416,                0.89911,                0.99904,                      1,                  0.995,                0.78945,                  0.881,                0.30425,                0.95348,              0.0091981,              0.0091981,              0.0091981
                     83,                0.80046,                0.34283,                0.89319,                0.99913,                      1,                  0.995,                0.80073,                0.85799,                0.29609,                0.95104,              0.0091882,              0.0091882,              0.0091882
                     84,                0.80991,                 0.3422,                0.89631,                0.99932,                      1,                  0.995,                0.80805,                0.85258,                0.28801,                0.94295,              0.0091783,              0.0091783,              0.0091783
                     85,                0.79442,                0.33832,                0.89069,                0.99928,                      1,                  0.995,                0.80783,                0.83784,                0.28412,                0.93362,              0.0091684,              0.0091684,              0.0091684
                     86,                0.79791,                0.33951,                0.89427,                0.99909,                      1,                  0.995,                0.80949,                0.86015,                0.29402,                0.94153,              0.0091585,              0.0091585,              0.0091585
                     87,                0.79372,                0.33621,                0.89625,                0.99979,                      1,                  0.995,                0.81913,                0.83042,                0.29058,                0.93449,              0.0091486,              0.0091486,              0.0091486
                     88,                0.79586,                0.34165,                0.89443,                0.99918,                      1,                  0.995,                0.79451,                0.87068,                0.30663,                0.94581,              0.0091387,              0.0091387,              0.0091387
                     89,                0.79971,                0.34094,                0.89197,                0.99937,                      1,                  0.995,                0.80504,                0.84153,                0.29238,                0.93568,              0.0091288,              0.0091288,              0.0091288
                     90,                0.79182,                0.34215,                0.88977,                0.99925,                      1,                  0.995,                0.80815,                0.84479,                0.29297,                0.93355,              0.0091189,              0.0091189,              0.0091189
                     91,                0.79335,                0.34189,                0.89269,                0.99905,                      1,                  0.995,                0.80013,                0.86917,                0.29923,                0.94399,               0.009109,               0.009109,               0.009109
                     92,                0.78775,                0.33742,                0.89387,                0.99907,                      1,                  0.995,                0.79447,                0.86892,                0.29635,                0.94552,              0.0090991,              0.0090991,              0.0090991
                     93,                0.78784,                0.33749,                0.89207,                0.99922,                      1,                  0.995,                0.80052,                0.85584,                0.29394,                0.93928,              0.0090892,              0.0090892,              0.0090892
                     94,                0.78961,                0.33397,                0.89296,                0.99918,                      1,                  0.995,                0.80887,                0.84178,                0.29647,                0.92976,              0.0090793,              0.0090793,              0.0090793
                     95,                 0.7857,                0.33855,                0.89335,                0.99927,                      1,                  0.995,                0.80411,                0.83833,                0.28139,                 0.9318,              0.0090694,              0.0090694,              0.0090694
                     96,                0.79205,                0.33727,                0.89312,                0.99934,                      1,                  0.995,                0.79846,                  0.871,                0.29466,                0.95145,              0.0090595,              0.0090595,              0.0090595
                     97,                0.78512,                0.33353,                0.89004,                0.99934,                      1,                  0.995,                0.80437,                0.83096,                0.28447,                0.93444,              0.0090496,              0.0090496,              0.0090496
                     98,                0.78442,                0.33531,                0.88682,                 0.9993,                      1,                  0.995,                0.80649,                0.83404,                0.28631,                0.93838,              0.0090397,              0.0090397,              0.0090397
                     99,                0.78241,                0.33648,                0.89094,                0.99926,                      1,                  0.995,                 0.7979,                0.83987,                0.29339,                 0.9394,              0.0090298,              0.0090298,              0.0090298
                    100,                0.78545,                0.33373,                0.88664,                0.99938,                      1,                  0.995,                0.82016,                 0.8243,                0.28559,                0.92947,              0.0090199,              0.0090199,              0.0090199
                    101,                0.77616,                0.33387,                0.88948,                0.99895,                      1,                  0.995,                0.80288,                0.83684,                0.28945,                 0.9279,                0.00901,                0.00901,                0.00901
                    102,                0.78581,                0.33241,                0.89318,                0.99924,                      1,                  0.995,                0.81718,                0.82995,                0.28605,                0.93559,              0.0090001,              0.0090001,              0.0090001
                    103,                0.77429,                0.33017,                0.88623,                0.99935,                      1,                  0.995,                 0.8054,                 0.8495,                0.28949,                0.94331,              0.0089902,              0.0089902,              0.0089902
                    104,                0.77666,                0.33417,                0.88723,                0.99927,                      1,                  0.995,                0.81083,                0.83757,                0.29664,                0.93608,              0.0089803,              0.0089803,              0.0089803
                    105,                0.77778,                0.33428,                0.88824,                0.99922,                      1,                  0.995,                0.79782,                0.84178,                0.29724,                0.93819,              0.0089704,              0.0089704,              0.0089704
                    106,                0.77004,                0.33317,                0.88552,                 0.9992,                      1,                  0.995,                0.79405,                0.84513,                0.29515,                0.94136,              0.0089605,              0.0089605,              0.0089605
                    107,                0.77028,                0.33164,                0.88411,                0.99934,                      1,                  0.995,                0.81499,                0.84033,                0.29139,                0.93329,              0.0089506,              0.0089506,              0.0089506
                    108,                0.77198,                0.33201,                 0.8895,                0.99874,                      1,                  0.995,                0.80403,                0.84789,                0.29624,                0.94229,              0.0089407,              0.0089407,              0.0089407
                    109,                0.76394,                0.32741,                0.89016,                 0.9992,                      1,                  0.995,                0.81318,                0.84404,                0.28259,                0.93956,              0.0089308,              0.0089308,              0.0089308
                    110,                0.76694,                0.32684,                0.88893,                0.99937,                      1,                  0.995,                 0.7956,                0.84833,                0.28851,                0.94531,              0.0089209,              0.0089209,              0.0089209
                    111,                0.77114,                0.33021,                0.88773,                 0.9993,                      1,                  0.995,                0.80806,                0.82218,                0.28028,                0.92977,               0.008911,               0.008911,               0.008911
                    112,                0.76096,                0.32668,                0.88561,                0.99931,                      1,                  0.995,                0.80945,                0.85334,                0.29089,                0.94063,              0.0089011,              0.0089011,              0.0089011
                    113,                0.77158,                0.33039,                0.88413,                 0.9992,                      1,                  0.995,                0.81471,                0.83178,                 0.2881,                0.93169,              0.0088912,              0.0088912,              0.0088912
                    114,                0.75974,                0.32668,                0.88524,                0.99937,                      1,                  0.995,                0.80769,                0.83158,                0.28768,                0.93134,              0.0088813,              0.0088813,              0.0088813
                    115,                0.76504,                0.32704,                0.88853,                0.99936,                      1,                  0.995,                0.80614,                0.83151,                0.28936,                0.93489,              0.0088714,              0.0088714,              0.0088714
                    116,                 0.7605,                 0.3263,                0.88556,                0.99932,                      1,                  0.995,                0.80834,                0.83391,                0.28747,                0.93004,              0.0088615,              0.0088615,              0.0088615
                    117,                0.76007,                0.32459,                0.88547,                0.99928,                      1,                  0.995,                0.81743,                0.82983,                0.28947,                0.92977,              0.0088516,              0.0088516,              0.0088516
                    118,                0.75078,                0.32132,                0.88172,                0.99933,                      1,                  0.995,                0.80841,                0.83679,                0.28255,                0.93266,              0.0088417,              0.0088417,              0.0088417
                    119,                0.75482,                0.32371,                0.87861,                0.99918,                      1,                  0.995,                0.81604,                0.82625,                0.28228,                0.93287,              0.0088318,              0.0088318,              0.0088318
                    120,                0.75065,                 0.3244,                0.88556,                0.99933,                      1,                  0.995,                0.81307,                0.83298,                0.28261,                0.93027,              0.0088219,              0.0088219,              0.0088219
                    121,                0.75194,                0.32147,                0.88642,                0.99919,                      1,                  0.995,                0.81688,                 0.8267,                0.28269,                 0.9315,               0.008812,               0.008812,               0.008812
                    122,                0.74276,                0.32144,                0.88401,                0.99933,                      1,                  0.995,                0.80525,                0.82677,                0.27755,                 0.9303,              0.0088021,              0.0088021,              0.0088021
                    123,                0.74323,                0.32092,                0.88252,                0.99928,                      1,                  0.995,                0.81018,                0.84551,                0.28533,                0.93918,              0.0087922,              0.0087922,              0.0087922
                    124,                0.74318,                0.32006,                0.88508,                0.99928,                      1,                  0.995,                0.81615,                0.83461,                 0.2795,                0.93704,              0.0087823,              0.0087823,              0.0087823
                    125,                0.74786,                0.32037,                0.88396,                0.99917,                      1,                  0.995,                0.79467,                0.84503,                0.28276,                0.93958,              0.0087724,              0.0087724,              0.0087724
                    126,                0.74626,                0.31899,                0.88017,                0.99933,                      1,                  0.995,                0.81487,                0.83126,                0.28556,                 0.9284,              0.0087625,              0.0087625,              0.0087625
                    127,                0.74237,                0.31826,                 0.8841,                0.99918,                      1,                  0.995,                0.81345,                0.82003,                0.28186,                0.92659,              0.0087526,              0.0087526,              0.0087526
                    128,                0.74263,                0.31784,                0.88218,                  0.999,                      1,                  0.995,                0.81096,                0.82909,                0.27837,                0.93149,              0.0087427,              0.0087427,              0.0087427
                    129,                0.73707,                 0.3151,                 0.8799,                0.99936,                      1,                  0.995,                0.81107,                0.84611,                0.28658,                0.93719,              0.0087328,              0.0087328,              0.0087328
                    130,                0.73434,                0.31399,                0.87864,                0.99936,                      1,                  0.995,                0.80007,                 0.8488,                0.28745,                0.94026,              0.0087229,              0.0087229,              0.0087229
                    131,                 0.7282,                0.31805,                0.87753,                0.99938,                      1,                  0.995,                0.80407,                0.83784,                0.28582,                0.93365,               0.008713,               0.008713,               0.008713
                    132,                0.72214,                0.31328,                0.87951,                0.99934,                      1,                  0.995,                0.81401,                0.82409,                0.27756,                0.92747,              0.0087031,              0.0087031,              0.0087031
                    133,                0.73289,                0.31597,                 0.8793,                0.99921,                      1,                  0.995,                0.80082,                0.83987,                0.28358,                0.93697,              0.0086932,              0.0086932,              0.0086932
                    134,                0.72254,                0.31491,                0.87858,                0.99929,                      1,                  0.995,                0.81294,                0.82762,                0.28363,                0.93353,              0.0086833,              0.0086833,              0.0086833
                    135,                0.72766,                0.31569,                0.87694,                 0.9993,                      1,                  0.995,                0.81136,                0.82409,                0.27766,                0.93087,              0.0086734,              0.0086734,              0.0086734
                    136,                 0.7263,                0.31042,                0.87635,                0.99932,                      1,                  0.995,                0.81205,                 0.8196,                0.28059,                0.93268,              0.0086635,              0.0086635,              0.0086635
                    137,                0.72673,                0.31452,                0.87946,                0.99939,                      1,                  0.995,                0.81181,                0.83376,                 0.2811,                0.93494,              0.0086536,              0.0086536,              0.0086536
                    138,                0.71368,                0.31126,                  0.876,                 0.9988,                      1,                  0.995,                0.81144,                0.81434,                0.28374,                0.93142,              0.0086437,              0.0086437,              0.0086437
                    139,                0.71666,                0.31404,                0.87782,                0.99935,                      1,                  0.995,                0.81448,                0.81434,                0.27944,                0.92969,              0.0086338,              0.0086338,              0.0086338
                    140,                0.71095,                0.30889,                0.87728,                0.99931,                      1,                  0.995,                0.81136,                0.82759,                0.28117,                0.93315,              0.0086239,              0.0086239,              0.0086239
                    141,                0.71846,                0.30951,                0.87769,                0.99924,                      1,                  0.995,                0.81244,                0.79603,                0.27351,                0.92871,               0.008614,               0.008614,               0.008614
                    142,                0.71196,                 0.3115,                0.87168,                0.99934,                      1,                  0.995,                0.80341,                0.82472,                0.27609,                0.93462,              0.0086041,              0.0086041,              0.0086041
                    143,                0.70926,                0.30794,                 0.8743,                0.99905,                      1,                  0.995,                0.80794,                0.81653,                0.27558,                 0.9299,              0.0085942,              0.0085942,              0.0085942
                    144,                0.71311,                0.30794,                0.87976,                0.99938,                      1,                  0.995,                0.81581,                0.80995,                0.27815,                0.93479,              0.0085843,              0.0085843,              0.0085843
                    145,                0.70439,                0.30423,                0.87597,                0.99929,                      1,                  0.995,                0.81508,                0.82019,                0.27835,                 0.9326,              0.0085744,              0.0085744,              0.0085744
                    146,                0.70783,                0.30734,                0.87345,                0.99936,                      1,                  0.995,                  0.809,                0.83332,                0.28177,                0.93947,              0.0085645,              0.0085645,              0.0085645
                    147,                0.70012,                0.30274,                 0.8727,                0.99925,                      1,                  0.995,                0.81696,                0.82242,                 0.2777,                0.93739,              0.0085546,              0.0085546,              0.0085546
                    148,                0.70757,                 0.3077,                0.87538,                 0.9993,                      1,                  0.995,                0.82063,                0.82226,                0.27691,                0.93305,              0.0085447,              0.0085447,              0.0085447
                    149,                0.70573,                0.30656,                0.87602,                0.99913,                      1,                  0.995,                0.80506,                 0.8029,                0.27689,                0.93412,              0.0085348,              0.0085348,              0.0085348
                    150,                0.69467,                0.30506,                 0.8696,                 0.9993,                      1,                  0.995,                0.81575,                0.80838,                0.27794,                0.93055,              0.0085249,              0.0085249,              0.0085249
                    151,                0.69125,                0.30136,                0.86941,                0.99931,                      1,                  0.995,                0.81492,                0.81424,                0.27633,                0.93391,               0.008515,               0.008515,               0.008515
                    152,                0.70299,                0.30743,                0.87284,                0.99831,                      1,                  0.995,                0.81052,                0.82032,                0.28162,                0.93571,              0.0085051,              0.0085051,              0.0085051
                    153,                0.69555,                0.30522,                0.87435,                0.99925,                      1,                  0.995,                 0.8168,                0.80947,                0.28113,                0.92798,              0.0084952,              0.0084952,              0.0084952
                    154,                0.69782,                0.30428,                0.87335,                0.99933,                      1,                  0.995,                0.81865,                0.79674,                0.27654,                0.92693,              0.0084853,              0.0084853,              0.0084853
                    155,                 0.6805,                0.29781,                0.86747,                0.99912,                      1,                  0.995,                0.81994,                0.81405,                0.27592,                0.93028,              0.0084754,              0.0084754,              0.0084754
                    156,                0.68775,                0.30468,                0.87102,                0.99937,                      1,                  0.995,                0.81527,                0.81083,                0.28243,                0.93238,              0.0084655,              0.0084655,              0.0084655
                    157,                0.68938,                0.30215,                0.86935,                0.99919,                      1,                  0.995,                0.81562,                0.79202,                0.27414,                0.92685,              0.0084556,              0.0084556,              0.0084556
                    158,                0.68296,                0.29852,                0.86615,                0.99924,                      1,                  0.995,                0.81176,                0.79662,                0.27443,                 0.9293,              0.0084457,              0.0084457,              0.0084457
                    159,                  0.683,                0.29965,                0.87142,                0.99923,                      1,                  0.995,                0.80913,                0.81305,                0.27974,                0.93622,              0.0084358,              0.0084358,              0.0084358
                    160,                0.67801,                 0.2992,                0.87169,                0.99936,                      1,                  0.995,                 0.8127,                0.80665,                0.27496,                0.93567,              0.0084259,              0.0084259,              0.0084259
                    161,                0.67426,                0.29584,                0.86627,                0.99926,                      1,                  0.995,                0.82269,                 0.8073,                0.27604,                0.92961,               0.008416,               0.008416,               0.008416
                    162,                0.67547,                0.29726,                0.86699,                0.99932,                      1,                  0.995,                0.81387,                0.81615,                0.27835,                0.93398,              0.0084061,              0.0084061,              0.0084061
                    163,                0.67759,                0.29732,                0.86673,                0.99932,                      1,                  0.995,                0.81913,                0.82188,                0.28118,                0.93773,              0.0083962,              0.0083962,              0.0083962
                    164,                0.67568,                0.29549,                0.86317,                0.99937,                      1,                  0.995,                0.81827,                0.81424,                 0.2759,                0.93666,              0.0083863,              0.0083863,              0.0083863
                    165,                0.67181,                 0.2953,                0.86786,                0.99916,                      1,                  0.995,                0.81481,                0.81915,                0.28197,                0.93485,              0.0083764,              0.0083764,              0.0083764
                    166,                0.67991,                0.29648,                0.86581,                0.99936,                      1,                  0.995,                0.81281,                0.82111,                0.28097,                0.93516,              0.0083665,              0.0083665,              0.0083665
                    167,                0.66918,                0.29389,                0.86787,                0.99921,                      1,                  0.995,                0.81183,                0.81108,                0.27578,                0.93495,              0.0083566,              0.0083566,              0.0083566
                    168,                0.67578,                0.29597,                0.86811,                0.99933,                      1,                  0.995,                0.81454,                0.80398,                0.27369,                0.93102,              0.0083467,              0.0083467,              0.0083467
                    169,                0.65946,                0.29318,                0.86138,                0.99938,                      1,                  0.995,                0.81123,                0.80622,                0.27588,                0.93795,              0.0083368,              0.0083368,              0.0083368
                    170,                0.66344,                0.29343,                0.86525,                0.99934,                      1,                  0.995,                0.79656,                0.81404,                0.27758,                0.93927,              0.0083269,              0.0083269,              0.0083269
                    171,                0.66445,                0.29265,                0.86468,                0.99934,                      1,                  0.995,                 0.7949,                0.80366,                0.26981,                0.93205,               0.008317,               0.008317,               0.008317
                    172,                0.65679,                0.28984,                 0.8627,                 0.9993,                      1,                  0.995,                0.79787,                 0.8105,                0.27296,                0.93564,              0.0083071,              0.0083071,              0.0083071
                    173,                0.66065,                0.29524,                0.86339,                0.99934,                      1,                  0.995,                0.80439,                0.81274,                0.27717,                0.93726,              0.0082972,              0.0082972,              0.0082972
                    174,                0.64898,                0.29014,                0.86191,                0.99936,                      1,                  0.995,                0.80453,                 0.7969,                0.27043,                0.93517,              0.0082873,              0.0082873,              0.0082873
                    175,                0.65236,                0.29069,                 0.8616,                0.99937,                      1,                  0.995,                0.81225,                0.80548,                0.27479,                0.93743,              0.0082774,              0.0082774,              0.0082774
                    176,                0.64452,                0.28892,                0.86111,                0.99929,                      1,                  0.995,                0.80753,                0.80077,                0.27115,                0.93818,              0.0082675,              0.0082675,              0.0082675
                    177,                0.64739,                 0.2896,                0.85931,                0.99922,                      1,                  0.995,                0.80575,                0.80675,                0.27719,                0.93897,              0.0082576,              0.0082576,              0.0082576
                    178,                0.65039,                0.28863,                 0.8606,                 0.9994,                      1,                  0.995,                0.81212,                0.80567,                0.27542,                0.93632,              0.0082477,              0.0082477,              0.0082477
                    179,                0.64694,                0.28628,                 0.8591,                0.99939,                      1,                  0.995,                0.81327,                0.79793,                 0.2712,                 0.9332,              0.0082378,              0.0082378,              0.0082378
                    180,                0.64378,                0.28701,                 0.8573,                0.99938,                      1,                  0.995,                0.81469,                0.79713,                0.26774,                0.93444,              0.0082279,              0.0082279,              0.0082279
                    181,                0.63834,                0.28743,                0.85905,                0.99933,                      1,                  0.995,                0.81663,                 0.8034,                0.27003,                0.93257,               0.008218,               0.008218,               0.008218
                    182,                0.64425,                0.28447,                0.86231,                0.99925,                      1,                  0.995,                0.81782,                0.81337,                0.26948,                0.93356,              0.0082081,              0.0082081,              0.0082081
                    183,                0.63387,                 0.2802,                0.85912,                0.99922,                      1,                  0.995,                0.81952,                0.81877,                0.27189,                0.93694,              0.0081982,              0.0081982,              0.0081982
                    184,                0.63922,                0.28386,                0.86043,                0.99932,                      1,                  0.995,                0.81247,                0.81751,                0.27266,                0.93699,              0.0081883,              0.0081883,              0.0081883
                    185,                0.62918,                0.28458,                0.85778,                0.99935,                      1,                  0.995,                 0.8223,                0.80846,                0.26844,                0.93586,              0.0081784,              0.0081784,              0.0081784
                    186,                0.62739,                0.27862,                0.85759,                0.99933,                      1,                  0.995,                0.81037,                 0.8138,                0.26808,                 0.9385,              0.0081685,              0.0081685,              0.0081685
                    187,                0.63148,                0.28346,                0.85996,                0.99939,                      1,                  0.995,                0.81129,                0.80567,                0.26961,                0.93845,              0.0081586,              0.0081586,              0.0081586
                    188,                0.63115,                0.28429,                0.85937,                0.99932,                      1,                  0.995,                0.81453,                0.80554,                0.27026,                0.93999,              0.0081487,              0.0081487,              0.0081487
                    189,                0.62764,                0.28261,                0.85662,                0.99928,                      1,                  0.995,                0.81362,                0.81514,                0.27323,                0.94135,              0.0081388,              0.0081388,              0.0081388
                    190,                0.63308,                0.28303,                0.85609,                0.99936,                      1,                  0.995,                0.81206,                0.81502,                0.26864,                0.93925,              0.0081289,              0.0081289,              0.0081289
                    191,                0.62109,                0.28016,                0.85524,                0.99934,                      1,                  0.995,                0.81581,                0.80394,                0.26615,                0.93524,               0.008119,               0.008119,               0.008119
                    192,                0.61981,                0.28304,                0.85351,                0.99941,                      1,                  0.995,                0.81586,                0.81414,                0.26878,                0.94035,              0.0081091,              0.0081091,              0.0081091
                    193,                0.62125,                0.27952,                0.85472,                0.99927,                      1,                  0.995,                0.81592,                0.82005,                0.27051,                0.94215,              0.0080992,              0.0080992,              0.0080992
                    194,                0.61416,                0.27891,                0.85221,                0.99934,                      1,                  0.995,                0.80139,                0.81798,                0.27143,                0.94398,              0.0080893,              0.0080893,              0.0080893
                    195,                0.60818,                0.27638,                0.85397,                0.99912,                      1,                  0.995,                0.80417,                0.81703,                0.26984,                0.94213,              0.0080794,              0.0080794,              0.0080794
                    196,                0.60794,                0.27759,                0.85297,                0.99935,                      1,                  0.995,                0.79896,                0.82675,                0.27245,                0.94687,              0.0080695,              0.0080695,              0.0080695
                    197,                0.61256,                0.27781,                0.85247,                0.99938,                      1,                  0.995,                0.79915,                0.82519,                0.27064,                0.94906,              0.0080596,              0.0080596,              0.0080596
                    198,                0.60899,                 0.2756,                0.85678,                0.99932,                      1,                  0.995,                0.80381,                0.82261,                0.27055,                0.94869,              0.0080497,              0.0080497,              0.0080497
                    199,                0.60798,                0.27616,                0.85467,                0.99937,                      1,                  0.995,                0.81457,                0.81794,                0.26882,                0.94454,              0.0080398,              0.0080398,              0.0080398
                    200,                0.60864,                0.27548,                0.85431,                0.99937,                      1,                  0.995,                0.80351,                0.82758,                0.27308,                0.94539,              0.0080299,              0.0080299,              0.0080299
                    201,                0.61093,                0.27821,                0.85185,                0.99935,                      1,                  0.995,                0.80925,                0.82383,                0.27608,                0.94493,                0.00802,                0.00802,                0.00802
                    202,                0.60857,                0.27493,                0.85514,                0.99927,                      1,                  0.995,                0.81568,                0.81313,                0.27178,                0.93924,              0.0080101,              0.0080101,              0.0080101
                    203,                0.60859,                0.27586,                0.85216,                0.99936,                      1,                  0.995,                0.80477,                0.81536,                0.27453,                0.94448,              0.0080002,              0.0080002,              0.0080002
                    204,                  0.601,                0.27545,                0.85288,                0.99936,                      1,                  0.995,                0.80516,                0.82257,                0.27496,                0.94646,              0.0079903,              0.0079903,              0.0079903
                    205,                0.59858,                0.27548,                0.85146,                 0.9993,                      1,                  0.995,                0.80549,                0.82151,                0.27632,                0.94593,              0.0079804,              0.0079804,              0.0079804
                    206,                0.59952,                0.27526,                0.85254,                0.99925,                      1,                  0.995,                 0.8067,                0.82371,                 0.2738,                0.94621,              0.0079705,              0.0079705,              0.0079705
                    207,                0.59967,                0.27438,                0.85171,                0.99932,                      1,                  0.995,                0.80261,                0.83134,                0.27701,                0.94978,              0.0079606,              0.0079606,              0.0079606
                    208,                0.60328,                0.27349,                0.85202,                0.99933,                      1,                  0.995,                0.81083,                0.82241,                0.27425,                0.94992,              0.0079507,              0.0079507,              0.0079507
                    209,                0.59431,                0.27348,                0.84805,                0.99929,                      1,                  0.995,                0.81436,                0.83244,                0.27445,                0.95213,              0.0079408,              0.0079408,              0.0079408
                    210,                0.59233,                0.27246,                0.85113,                0.99931,                      1,                  0.995,                0.81813,                0.82381,                0.27515,                0.95158,              0.0079309,              0.0079309,              0.0079309
                    211,                0.59674,                0.26961,                0.84874,                0.99941,                      1,                  0.995,                0.81216,                0.82285,                0.27343,                0.95145,               0.007921,               0.007921,               0.007921
                    212,                0.58698,                0.27008,                0.84649,                 0.9994,                      1,                  0.995,                0.81144,                0.83157,                0.27594,                0.95048,              0.0079111,              0.0079111,              0.0079111
                    213,                0.58257,                0.27128,                0.84572,                0.99933,                      1,                  0.995,                0.80532,                0.84241,                0.27819,                0.95392,              0.0079012,              0.0079012,              0.0079012
                    214,                0.58873,                 0.2704,                0.84678,                0.99934,                      1,                  0.995,                0.80647,                0.83467,                0.27509,                0.95223,              0.0078913,              0.0078913,              0.0078913
                    215,                0.58749,                0.26841,                0.85186,                0.99941,                      1,                  0.995,                 0.8018,                0.82889,                 0.2723,                0.95044,              0.0078814,              0.0078814,              0.0078814
                    216,                0.59698,                0.27243,                0.85037,                 0.9994,                      1,                  0.995,                0.79978,                0.83828,                0.27267,                0.95402,              0.0078715,              0.0078715,              0.0078715
                    217,                0.58922,                0.27271,                0.85066,                0.99934,                      1,                  0.995,                0.79863,                0.83808,                0.27395,                0.95389,              0.0078616,              0.0078616,              0.0078616
                    218,                 0.5762,                0.26746,                 0.8453,                0.99929,                      1,                  0.995,                0.80193,                0.83749,                0.27438,                0.95506,              0.0078517,              0.0078517,              0.0078517
                    219,                0.58395,                0.26828,                0.84709,                0.99934,                      1,                  0.995,                0.80039,                0.83555,                 0.2752,                0.95361,              0.0078418,              0.0078418,              0.0078418
                    220,                0.57842,                0.26694,                0.84702,                 0.9994,                      1,                  0.995,                0.79818,                0.83531,                0.27778,                0.95224,              0.0078319,              0.0078319,              0.0078319
                    221,                 0.5766,                0.26821,                0.84855,                0.99929,                      1,                  0.995,                0.80356,                0.83444,                0.27524,                0.95494,               0.007822,               0.007822,               0.007822
                    222,                0.57843,                0.26785,                0.84561,                0.99931,                      1,                  0.995,                 0.7989,                0.82811,                0.27237,                0.95406,              0.0078121,              0.0078121,              0.0078121
                    223,                0.57061,                0.26381,                0.84471,                0.99937,                      1,                  0.995,                0.80399,                0.82945,                0.27859,                0.95272,              0.0078022,              0.0078022,              0.0078022
                    224,                0.57206,                0.26319,                0.84259,                0.99935,                      1,                  0.995,                0.80864,                0.82371,                0.27666,                0.95359,              0.0077923,              0.0077923,              0.0077923
                    225,                 0.5595,                0.26074,                0.84135,                0.99926,                      1,                  0.995,                0.80474,                0.82491,                0.27174,                0.95575,              0.0077824,              0.0077824,              0.0077824
                    226,                0.56738,                0.26548,                0.84206,                0.99926,                      1,                  0.995,                0.79988,                0.82773,                0.27131,                0.95613,              0.0077725,              0.0077725,              0.0077725
                    227,                 0.5694,                0.26265,                0.84967,                0.99925,                      1,                  0.995,                0.80361,                0.83026,                0.27492,                0.95678,              0.0077626,              0.0077626,              0.0077626
                    228,                0.57285,                0.26469,                0.84432,                 0.9992,                      1,                  0.995,                0.80616,                0.82622,                0.27357,                0.95527,              0.0077527,              0.0077527,              0.0077527
                    229,                0.56123,                0.26386,                 0.8424,                0.99924,                      1,                  0.995,                0.80548,                0.82724,                0.27258,                0.95857,              0.0077428,              0.0077428,              0.0077428
                    230,                0.56809,                0.26468,                0.84372,                0.99927,                      1,                  0.995,                0.80227,                0.82448,                0.27075,                0.95645,              0.0077329,              0.0077329,              0.0077329
                    231,                0.55588,                0.26014,                0.84348,                0.99931,                      1,                  0.995,                0.80358,                0.82661,                0.27129,                0.95851,               0.007723,               0.007723,               0.007723
                    232,                0.55086,                0.26025,                0.83726,                0.99924,                      1,                  0.995,                  0.806,                0.82991,                0.27217,                0.96062,              0.0077131,              0.0077131,              0.0077131
                    233,                  0.558,                0.26045,                 0.8399,                0.99931,                      1,                  0.995,                0.80605,                0.83619,                0.27431,                0.96215,              0.0077032,              0.0077032,              0.0077032
                    234,                0.55735,                0.25995,                0.84314,                 0.9993,                      1,                  0.995,                0.80536,                0.83472,                0.27833,                0.96194,              0.0076933,              0.0076933,              0.0076933
                    235,                0.55475,                0.26115,                0.84037,                0.99934,                      1,                  0.995,                0.80277,                0.83792,                0.27661,                0.96244,              0.0076834,              0.0076834,              0.0076834
                    236,                0.54953,                0.25811,                0.83824,                0.99937,                      1,                  0.995,                0.80497,                0.83788,                0.27374,                0.96036,              0.0076735,              0.0076735,              0.0076735
                    237,                0.55598,                 0.2589,                0.84379,                0.99932,                      1,                  0.995,                 0.7996,                0.83412,                0.27174,                0.96043,              0.0076636,              0.0076636,              0.0076636
                    238,                0.54205,                0.25777,                0.83757,                0.99936,                      1,                  0.995,                0.80085,                0.84089,                0.27261,                0.96403,              0.0076537,              0.0076537,              0.0076537
                    239,                0.55275,                0.25812,                0.83983,                0.99938,                      1,                  0.995,                0.80344,                0.83797,                0.27411,                0.96255,              0.0076438,              0.0076438,              0.0076438
                    240,                0.54736,                0.25899,                0.83769,                 0.9994,                      1,                  0.995,                0.80911,                0.83946,                 0.2731,                 0.9655,              0.0076339,              0.0076339,              0.0076339
                    241,                0.54612,                0.25799,                0.83951,                0.99941,                      1,                  0.995,                0.80277,                0.84009,                0.27099,                0.96634,               0.007624,               0.007624,               0.007624
                    242,                0.54642,                0.25708,                0.83744,                0.99941,                      1,                  0.995,                0.80547,                0.83945,                0.27184,                0.96436,              0.0076141,              0.0076141,              0.0076141
                    243,                0.54288,                0.25728,                0.83654,                0.99941,                      1,                  0.995,                0.80414,                0.83976,                0.27632,                0.96481,              0.0076042,              0.0076042,              0.0076042
                    244,                0.54558,                 0.2584,                0.83748,                0.99941,                      1,                  0.995,                0.80091,                0.83751,                0.27428,                0.96526,              0.0075943,              0.0075943,              0.0075943
                    245,                0.54922,                0.25576,                0.84474,                0.99934,                      1,                  0.995,                  0.797,                0.83595,                0.26787,                0.96531,              0.0075844,              0.0075844,              0.0075844
                    246,                0.54009,                0.25525,                0.83861,                0.99942,                      1,                  0.995,                0.79932,                 0.8324,                0.27226,                0.96588,              0.0075745,              0.0075745,              0.0075745
                    247,                0.53139,                  0.254,                0.83327,                0.99941,                      1,                  0.995,                 0.8005,                0.83518,                  0.273,                0.96573,              0.0075646,              0.0075646,              0.0075646
                    248,                0.53306,                0.25379,                0.83848,                0.99942,                      1,                  0.995,                0.80259,                0.83564,                0.27284,                0.96207,              0.0075547,              0.0075547,              0.0075547
                    249,                0.53693,                0.25502,                0.83602,                0.99941,                      1,                  0.995,                0.80163,                0.83316,                0.27166,                0.96152,              0.0075448,              0.0075448,              0.0075448
                    250,                0.53518,                0.25298,                0.83585,                0.99941,                      1,                  0.995,                0.79744,                0.83398,                0.27077,                0.96233,              0.0075349,              0.0075349,              0.0075349
                    251,                0.53435,                0.25423,                0.83517,                0.99935,                      1,                  0.995,                0.79688,                0.83877,                0.27117,                0.96301,               0.007525,               0.007525,               0.007525
                    252,                0.53336,                 0.2528,                0.83478,                0.99935,                      1,                  0.995,                0.79881,                 0.8403,                0.27198,                0.96293,              0.0075151,              0.0075151,              0.0075151
                    253,                0.53549,                0.25435,                0.83781,                0.99932,                      1,                  0.995,                0.79834,                0.84478,                0.27249,                0.96456,              0.0075052,              0.0075052,              0.0075052
                    254,                0.53155,                0.25409,                  0.835,                 0.9993,                      1,                  0.995,                0.79951,                0.83946,                0.27233,                0.96358,              0.0074953,              0.0074953,              0.0074953
                    255,                0.53248,                 0.2511,                  0.837,                0.99932,                      1,                  0.995,                0.80333,                0.84344,                0.27577,                 0.9643,              0.0074854,              0.0074854,              0.0074854
                    256,                0.52549,                0.25001,                0.83357,                0.99931,                      1,                  0.995,                 0.8002,                0.84549,                 0.2753,                 0.9641,              0.0074755,              0.0074755,              0.0074755
                    257,                0.52159,                  0.252,                0.83333,                 0.9993,                      1,                  0.995,                0.79714,                0.84572,                0.27506,                0.96416,              0.0074656,              0.0074656,              0.0074656
                    258,                0.52463,                0.25159,                0.83076,                0.99935,                      1,                  0.995,                0.79827,                0.84357,                0.27274,                0.96397,              0.0074557,              0.0074557,              0.0074557
                    259,                0.53271,                0.25367,                0.83384,                0.99941,                      1,                  0.995,                 0.7982,                0.84202,                0.27201,                0.96553,              0.0074458,              0.0074458,              0.0074458
                    260,                0.52961,                0.25132,                0.83742,                 0.9994,                      1,                  0.995,                0.79729,                0.84071,                0.27418,                0.96568,              0.0074359,              0.0074359,              0.0074359
                    261,                0.52266,                0.25288,                0.83187,                 0.9994,                      1,                  0.995,                0.79709,                0.84238,                0.27829,                0.96464,               0.007426,               0.007426,               0.007426
